user,id
0.5222398722127631,223491198
0.23332432370635456,2416379527
0.7674214324358889,856390315
0.4658392474232361,883072129490669568
